{
  "max_ratio_k2": 1.5926527820892318,
  "rankin_selberg_l1": 2.112089,
  "laplacian_eigenvalues": [
    0.0,
    91.22,
    147.8,
    200.2
  ],
  "detected_cycles": [
    [
      1,
      2
    ]
  ],
  "C2": 0.6601618158,
  "C3": 0.6351663546,
  "gue_correlation_sample": [
    0.03246879072492104,
    0.7102472297827621,
    0.9977510151017893,
    0.9567009007511585,
    1.0
  ],
  "hodge_tate_weights": [
    0,
    1
  ],
  "bt_tree_curvature": -0.6931471805599453,
  "li_coefficients": [
    0.023,
    0.046,
    0.068,
    0.091,
    0.113
  ],
  "guas_index": 1.9867288919074382
}