{
  "10": {
    "unrestricted": 1.5926527820892318,
    "symmetric": 1.5926527820892304,
    "difference": 1.3322676295501878e-15
  },
  "20": {
    "unrestricted": 1.4895642731580971,
    "symmetric": 1.489564273158099,
    "difference": -1.7763568394002505e-15
  },
  "30": {
    "unrestricted": 1.4550869661677512,
    "symmetric": 1.4550869661677512,
    "difference": 0.0
  },
  "40": {
    "unrestricted": 1.4378243619089925,
    "symmetric": 1.4378243619089908,
    "difference": 1.7763568394002505e-15
  },
  "50": {
    "unrestricted": 1.427458784981603,
    "symmetric": 1.4274587849816012,
    "difference": 1.7763568394002505e-15
  }
}