{
  "1": {
    "num_variables_unrestricted": 3,
    "num_variables_symmetric": 2,
    "max_ratio_unrestricted": 1.3830951894845294,
    "max_ratio_symmetric": 1.3830951894845294,
    "difference": 0.0
  },
  "2": {
    "num_variables_unrestricted": 6,
    "num_variables_symmetric": 4,
    "max_ratio_unrestricted": 1.385653465476341,
    "max_ratio_symmetric": 1.3856534654763415,
    "difference": -4.440892098500626e-16
  },
  "3": {
    "num_variables_unrestricted": 10,
    "num_variables_symmetric": 6,
    "max_ratio_unrestricted": 1.3859093264936133,
    "max_ratio_symmetric": 1.3859093264936133,
    "difference": 0.0
  },
  "4": {
    "num_variables_unrestricted": 15,
    "num_variables_symmetric": 9,
    "max_ratio_unrestricted": 1.3859309471589758,
    "max_ratio_symmetric": 1.3859309471589758,
    "difference": 0.0
  },
  "5": {
    "num_variables_unrestricted": 21,
    "num_variables_symmetric": 12,
    "max_ratio_unrestricted": 1.3859330643627157,
    "max_ratio_symmetric": 1.3859330643627157,
    "difference": 0.0
  },
  "6": {
    "num_variables_unrestricted": 28,
    "num_variables_symmetric": 16,
    "max_ratio_unrestricted": 1.38593325558349,
    "max_ratio_symmetric": 1.3859332555834913,
    "difference": -1.3322676295501878e-15
  },
  "7": {
    "num_variables_unrestricted": 36,
    "num_variables_symmetric": 20,
    "max_ratio_unrestricted": 1.385933274103086,
    "max_ratio_symmetric": 1.3859332741030899,
    "difference": -3.774758283725532e-15
  },
  "8": {
    "num_variables_unrestricted": 45,
    "num_variables_symmetric": 25,
    "max_ratio_unrestricted": 1.3859332758160154,
    "max_ratio_symmetric": 1.385933275816021,
    "difference": -5.551115123125783e-15
  }
}